query_id,study_area,target_category,query,rationale,priority
ATL-GOV-01,Atlanta,government_measures,"Atlanta city council cut-through traffic residential street speed humps OR ""no through traffic""",Tests whether Atlanta city-level measures against cut-through traffic are documented without app branding.,2
ATL-CO-01,Atlanta,company_measures,"Waze Atlanta neighborhood shortcut routing city partnership OR ""Connected Citizens""",Looks for reports of Waze cooperation or data-sharing with Atlanta authorities on neighborhood routing.,3
ATL-COM-01,Atlanta,community_feedback,"Atlanta residents Waze ""traffic nightmare"" neighborhood street complaints",Looks for resident complaints in Atlanta attributing neighborhood traffic to Waze routing.,3
BOS-GOV-01,Boston,government_measures,"Boston Transportation Department ""resident only"" OR ""local traffic only"" street navigation app pilot",Tests whether Boston piloted access restrictions framed around navigation-app traffic; brand-free phrasing.,2
BOS-CO-01,Boston,company_measures,"Boston Waze data sharing city partnership ""Waze for Cities"" OR ""Connected Citizens"" traffic",Looks for documentation of Boston-Waze data-sharing agreements and whether they addressed neighborhood routing.,1
BOS-COM-01,Boston,community_feedback,Boston neighborhood association cut-through traffic GPS app residential street complaints,"Looks for neighborhood-association feedback on GPS-app cut-through traffic in Boston, brand-free.",3
CHI-GOV-01,Chicago,government_measures,Chicago alderman cut-through traffic turn restriction OR one-way conversion residential street,Tests whether Chicago ward-level turn restrictions or one-way conversions target cut-through traffic; brand-free.,1
CHI-CO-01,Chicago,company_measures,"Chicago CDOT Waze OR ""Google Maps"" road closure data sharing routing",Looks for reports of CDOT sharing closure data with navigation apps to influence routing.,2
CHI-COM-01,Chicago,community_feedback,"Chicago residents navigation app shortcut ""neighborhood traffic"" petition OR public comment","Looks for petitions or public comment from Chicago residents about app-driven shortcuts, brand-free.",3
LA-GOV-01,Los Angeles,government_measures,"Los Angeles LADOT cut-through traffic ""traffic calming"" OR diverter OR ""slow streets"" neighborhood","Tests whether LADOT used calming, diverters, or slow streets against cut-through traffic; brand-free variant.",2
LA-CO-01,Los Angeles,company_measures,Waze Los Angeles city council request routing change OR street exclusion neighborhood streets,"Looks for reports of LA officials asking Waze to change routing, and any company response.",1
LA-COM-01,Los Angeles,community_feedback,"Los Angeles residents Waze ""traffic nightmare"" shortcut residential streets town hall",Looks for LA resident complaints and town-hall feedback about Waze-routed residential traffic.,1
MIA-GOV-01,Miami,government_measures,"Miami city commission road closure OR ""local traffic only"" neighborhood cut-through traffic",Tests whether Miami city-level closures or access limits target neighborhood cut-through traffic; brand-free.,2
MIA-CO-01,Miami,company_measures,"Miami Waze OR ""Google Maps"" residential street routing geofencing city cooperation",Looks for reports of geofencing or routing cooperation between apps and Miami authorities.,3
MIA-COM-01,Miami,community_feedback,Miami residents Waze shortcut neighborhood traffic complaints town hall,Looks for Miami resident complaints about Waze shortcuts raised at public meetings.,3
NYC-GOV-01,New York City,government_measures,"NYC DOT turn restriction OR ""no through traffic"" residential street navigation app cut-through",Tests whether NYC DOT turn or through-traffic restrictions are linked to navigation-app cut-throughs; brand-free.,2
NYC-CO-01,New York City,company_measures,"New York City DOT Waze data sharing ""Connected Citizens"" OR map closure","Looks for documentation of NYC DOT data-sharing with Waze, including closure feeds affecting routing.",1
NYC-COM-01,New York City,community_feedback,"NYC community board residents GPS app ""cut-through traffic"" complaints","Looks for community-board minutes or reports of GPS-app cut-through complaints in NYC, brand-free.",2
PHL-GOV-01,Philadelphia,government_measures,"Philadelphia Streets Department cut-through traffic speed humps OR ""traffic calming"" residential block",Tests whether Philadelphia calming programs are framed as responses to cut-through traffic; brand-free.,2
PHL-CO-01,Philadelphia,company_measures,"Philadelphia Waze OR ""Apple Maps"" routing neighborhood streets city partnership",Looks for reports of Philadelphia partnerships with Waze or Apple Maps on neighborhood routing.,3
PHL-COM-01,Philadelphia,community_feedback,"Philadelphia residents Waze rat run neighborhood street ""traffic nightmare"" petition",Looks for Philadelphia petitions or complaints about Waze-driven rat-running on neighborhood streets.,3
SLC-GOV-01,Salt Lake City,government_measures,"Salt Lake City council cut-through traffic diverter OR ""neighborhood byway"" OR ""slow streets""","Tests whether Salt Lake City used diverters, byways, or slow streets against cut-through traffic; brand-free.",2
SLC-CO-01,Salt Lake City,company_measures,"Salt Lake City Waze OR ""Google Maps"" road closure data sharing city transportation division",Looks for reports of Salt Lake City sharing closure data with navigation apps.,3
SLC-COM-01,Salt Lake City,community_feedback,Salt Lake City residents navigation app shortcut residential street traffic public comment,"Looks for Salt Lake City public comment on app-driven residential shortcuts, brand-free.",3
SF-GOV-01,San Francisco,government_measures,"San Francisco SFMTA turn restriction OR ""local traffic only"" navigation app cut-through pilot",Tests whether SFMTA piloted turn or access restrictions tied to navigation-app cut-throughs; brand-free.,1
SF-CO-01,San Francisco,company_measures,"San Francisco SFMTA Waze OR ""Google Maps"" ""slow streets"" routing OR map closure",Looks for reports of SFMTA coordinating closures or slow streets with app routing data.,2
SF-COM-01,San Francisco,community_feedback,"San Francisco neighborhood Waze OR GPS app ""cut-through traffic"" complaints public comment",Looks for San Francisco neighborhood complaints and public comment about app-routed cut-through traffic.,2
SEA-GOV-01,Seattle,government_measures,"Seattle SDOT ""local access only"" OR traffic diverter neighborhood cut-through traffic",Tests whether SDOT access limits or diverters address neighborhood cut-through traffic; brand-free.,1
SEA-CO-01,Seattle,company_measures,"Seattle SDOT Waze OR ""Google Maps"" road closure data sharing neighborhood routing",Looks for reports of SDOT sharing closure data with apps to steer neighborhood routing.,3
SEA-COM-01,Seattle,community_feedback,"Seattle neighborhood residents app-driven traffic shortcut ""traffic nightmare"" town hall","Looks for Seattle resident feedback on app-driven shortcut traffic, brand-free.",3
CA-GOV-01,California,government_measures,"California legislature Assembly bill ""navigation app"" OR ""GPS app"" traffic residential streets",Tests whether California state legislation addressed navigation-app routing onto residential streets; brand-free.,1
CA-CO-01,California,company_measures,"Caltrans Waze OR ""Google Maps"" statewide data sharing road closure partnership",Looks for reports of statewide Caltrans data-sharing with navigation apps on closures and routing.,2
CA-COM-01,California,community_feedback,California municipalities residents navigation app diverted traffic complaints statewide legislation letters,Looks for letters or complaints from California cities seeking statewide action on diverted app traffic; brand-free.,2
NJ-GOV-01,New Jersey,government_measures,"New Jersey municipalities ordinance ""local traffic only"" OR ""no through traffic"" navigation app attorney general",Tests whether NJ municipal ordinances restricting through traffic drew state attorney-general review; brand-free.,1
NJ-CO-01,New Jersey,company_measures,"NJDOT Waze OR ""Google Maps"" statewide data sharing ""Connected Citizens""",Looks for reports of NJDOT statewide data-sharing with navigation apps.,2
NJ-COM-01,New Jersey,community_feedback,"New Jersey towns residents Waze ""traffic nightmare"" legislature OR statewide ordinance",Looks for NJ resident complaints about Waze traffic seeking legislative or statewide responses.,2
